file,action,inline_line
app/(dashboard)/accounting/cash-bank/[id]/actions.ts,recordCashDrawerReconciliationAction,
app/(dashboard)/accounting/notes/actions.ts,createManualCustomerCreditNoteAction,
app/(dashboard)/accounting/notes/actions.ts,createManualSupplierDebitNoteAction,
app/(dashboard)/accounting/notes/actions.ts,cancelManualCustomerCreditNoteAction,
app/(dashboard)/accounting/notes/actions.ts,cancelManualSupplierDebitNoteAction,
app/(dashboard)/collections/promise-actions.ts,saveCollectionPromiseAction,
app/(dashboard)/collections/promise-actions.ts,resolveCollectionPromiseAction,
app/(dashboard)/customers/actions.ts,createCustomerAction,
app/(dashboard)/customers/actions.ts,updateCustomerAction,
app/(dashboard)/customers/[id]/pricing/actions.ts,saveCustomerPriceRuleAction,
app/(dashboard)/customers/[id]/pricing/actions.ts,deleteCustomerPriceRuleAction,
app/(dashboard)/customers/[id]/products/actions.ts,saveCustomerSalesBomAction,
app/(dashboard)/customers/[id]/products/actions.ts,deleteCustomerSalesBomAction,
app/(dashboard)/desktop-account-actions.ts,authorizeDesktopAccountSwitchAction,
app/(dashboard)/inventory/actions.ts,loadFbrReferenceOptionsAction,
app/(dashboard)/inventory/actions.ts,verifyFbrProductMappingAction,
app/(dashboard)/inventory/actions.ts,createProductAction,
app/(dashboard)/inventory/actions.ts,updateProductAction,
app/(dashboard)/inventory/actions.ts,archiveProductAction,
app/(dashboard)/inventory/actions.ts,adjustStockAction,
app/(dashboard)/inventory/actions.ts,transferWarehouseStockAction,
app/(dashboard)/invoices/actions.ts,prepareFbrSandboxAction,
app/(dashboard)/invoices/actions.ts,validateFbrSandboxAction,
app/(dashboard)/invoices/actions.ts,submitFbrSandboxAction,
app/(dashboard)/invoices/actions.ts,recordPaymentAction,
app/(dashboard)/manufacturing/actions.ts,createWarehouseAction,
app/(dashboard)/manufacturing/actions.ts,createBomAction,
app/(dashboard)/manufacturing/actions.ts,createProductionRunAction,
app/(dashboard)/manufacturing/actions.ts,approveProductionRunAction,
app/(dashboard)/manufacturing/actions.ts,postProductionRunAction,
app/(dashboard)/manufacturing/actions.ts,cancelProductionRunAction,
app/(dashboard)/restaurant/actions.ts,createRestaurantTableAction,
app/(dashboard)/restaurant/actions.ts,openCashShiftAction,
app/(dashboard)/restaurant/actions.ts,closeCashShiftAction,
app/(dashboard)/restaurant/actions.ts,createRecipeAction,
app/(dashboard)/restaurant/actions.ts,createKitchenTicketAction,
app/(dashboard)/restaurant/actions.ts,updateKitchenTicketStatusAction,
app/(dashboard)/restaurant/orders/[id]/return/reversal-actions.ts,reverseRestaurantReturnAction,
app/(dashboard)/restaurant/v1-actions.ts,createMenuCategoryAction,
app/(dashboard)/restaurant/v1-actions.ts,createMenuItemAction,
app/(dashboard)/restaurant/v1-actions.ts,setMenuItemAvailabilityAction,
app/(dashboard)/restaurant/v1-actions.ts,createPosOrderAction,
app/(dashboard)/restaurant/v1-actions.ts,confirmRestaurantOrderAction,
app/(dashboard)/restaurant/v1-actions.ts,transitionRestaurantOrderAction,
app/(dashboard)/restaurant/v1-actions.ts,setRestaurantOrderPaymentStatusAction,
app/(dashboard)/restaurant/v1-actions.ts,recordRestaurantPaymentAction,
app/(dashboard)/restaurant/v1-actions.ts,voidRestaurantPaymentAction,
app/(dashboard)/restaurant/v1-actions.ts,createRestaurantItemReturnAction,
app/(dashboard)/sales/actions.ts,createSaleAction,
app/(dashboard)/sales/actions.ts,updateSaleAction,
app/(dashboard)/services/actions.ts,createServiceQuoteAction,
app/(dashboard)/services/actions.ts,createServiceJobAction,
app/(dashboard)/services/actions.ts,updateServiceQuoteStatusAction,
app/(dashboard)/services/actions.ts,updateServiceJobStatusAction,
app/(dashboard)/settings/actions.ts,updateWorkspaceProfileAction,
app/(dashboard)/settings/actions.ts,saveFbrWorkspaceCredentialAction,
app/(dashboard)/settings/actions.ts,updateFbrSandboxConfigAction,
app/(dashboard)/settings/actions.ts,confirmFbrHsUomAnnexureAction,
app/(dashboard)/settings/actions.ts,confirmFbrProductionRouteAction,
app/(dashboard)/suppliers/actions.ts,createSupplierAction,
app/(dashboard)/suppliers/actions.ts,updateSupplierAction,
app/legal/acceptance/actions.ts,acceptCurrentPolicies,
app/onboarding/actions.ts,createWorkspace,
app/onboarding/invitation-actions.ts,acceptWorkspaceInvitation,
app/onboarding/invitation-actions.ts,declineWorkspaceInvitation,
app/platform/actions.ts,extendTrialAction,
app/platform/actions.ts,activateSubscriptionAction,
app/platform/actions.ts,grantGraceAction,
app/platform/actions.ts,suspendSubscriptionAction,
app/platform/actions.ts,deleteCustomerAccountAction,
app/platform/sign-in/[[...sign-in]]/page.tsx,inline,9
app/subscription/actions.ts,requestActivationAction,
